2021-09-09,419.547
2021-09-10,416.239
2021-09-13,417.304
2021-09-14,415.052
2021-09-15,418.519
2021-09-16,417.856
2021-09-17,413.799
2021-09-20,406.899
2021-09-21,406.514
2021-09-22,410.48
2021-09-23,415.467
2021-09-24,416.152
2021-09-27,414.961
2021-09-28,406.599
2021-09-29,407.283
2021-09-30,402.305
2021-10-01,407.086
2021-10-04,401.836
2021-10-05,406.018
2021-10-06,407.705
2021-10-07,411.23
2021-10-08,410.48
2021-10-11,407.508
2021-10-12,406.505
2021-10-13,407.967
2021-10-14,414.83
2021-10-15,417.989
2021-10-18,419.226
2021-10-19,422.461
2021-10-20,424.12
2021-10-21,425.226
2021-10-22,424.786
2021-10-25,427.064
2021-10-26,427.448
2021-10-27,425.554
2021-10-28,429.66
2021-10-29,430.532
2021-11-01,431.273
2021-11-02,433.017
2021-11-03,435.66
2021-11-04,437.713
2021-11-05,439.232
2021-11-08,439.607
2021-11-09,438.154
2021-11-10,434.629
2021-11-11,434.77
2021-11-12,438.051
2021-11-15,438.201
2021-11-16,439.935
2021-11-17,438.866
2021-11-18,440.357
2021-11-19,439.57
2021-11-22,438.332
2021-11-23,438.913
2021-11-24,440.085
2021-11-26,430.27
2021-11-29,435.548
2021-11-30,427.073
2021-12-01,422.329
2021-12-02,428.798
2021-12-03,425.067
2021-12-06,430.101
2021-12-07,438.998
2021-12-08,440.16
2021-12-09,437.188
2021-12-10,441.304
2021-12-13,437.395
2021-12-14,434.385
2021-12-15,441.173
2021-12-16,437.282
2021-12-17,432.648
2021-12-20,428.047
2021-12-21,435.649
2021-12-22,440.005
2021-12-23,442.743
2021-12-27,449.008
2021-12-28,448.641
2021-12-29,449.215
2021-12-30,447.973
2021-12-31,446.844
2022-01-03,449.432
2022-01-04,449.281
2022-01-05,440.654
2022-01-06,440.24
2022-01-07,438.499
2022-01-10,437.954
2022-01-11,441.943
2022-01-12,443.138
2022-01-13,437.032
2022-01-14,437.211
2022-01-18,429.468
2022-01-19,425.008
2022-01-20,420.304
2022-01-21,412.053
2022-01-24,413.803
2022-01-25,408.751
2022-01-26,407.726
2022-01-27,405.712
2022-01-28,415.788
2022-01-31,423.277
2022-02-01,426.137
2022-02-02,430.277
2022-02-03,420.163
2022-02-04,422.139
2022-02-07,420.784
2022-02-08,424.246
2022-02-09,430.456
2022-02-10,422.722
2022-02-11,414.387
2022-02-14,413.032
2022-02-15,419.693
2022-02-16,420.163
2022-02-17,411.188
2022-02-18,408.525
2022-02-22,404.141
2022-02-23,396.972
2022-02-24,402.946
2022-02-25,411.837
2022-02-28,410.783
2022-03-01,404.527
2022-03-02,411.969
2022-03-03,409.918
2022-03-04,406.587
2022-03-07,394.602
2022-03-08,391.61
2022-03-09,402.109
2022-03-10,400.293
2022-03-11,395.204
2022-03-14,392.315
2022-03-15,400.943
2022-03-16,409.833
2022-03-17,414.961
2022-03-18,419.491
2022-03-21,419.369
2022-03-22,424.276
2022-03-23,418.812
2022-03-24,425.125
2022-03-25,427.201
2022-03-28,430.24
2022-03-29,435.563
2022-03-30,432.873
2022-03-31,426.211
2022-04-01,427.419
2022-04-04,431.08
2022-04-05,425.635
2022-04-06,421.379
2022-04-07,423.502
2022-04-08,422.37
2022-04-11,415.15
2022-04-12,413.612
2022-04-13,418.35
2022-04-14,413.14
2022-04-18,413.31
2022-04-19,419.982
2022-04-20,419.671
2022-04-21,413.395
2022-04-22,402.052
2022-04-25,404.383
2022-04-26,392.672
2022-04-27,393.776
2022-04-28,403.722
2022-04-29,388.802
2022-05-02,391.143
2022-05-03,392.936
2022-05-04,404.902
2022-05-05,390.511
2022-05-06,388.18
2022-05-09,375.751
2022-05-10,376.619
2022-05-11,370.636
2022-05-12,370.249
2022-05-13,379.101
2022-05-16,377.563
2022-05-17,385.33
2022-05-18,369.796
2022-05-19,367.532
2022-05-20,367.692
2022-05-23,374.572
2022-05-24,371.712
2022-05-25,374.996
2022-05-26,382.489
2022-05-27,391.879
2022-05-31,389.68
2022-06-01,386.528
2022-06-02,393.889
2022-06-03,387.425
2022-06-06,388.604
2022-06-07,392.332
2022-06-08,388.066
2022-06-09,378.837
2022-06-10,367.852
2022-06-13,353.886
2022-06-14,352.819
2022-06-15,357.849
2022-06-16,346.006
2022-06-17,346.748
2022-06-21,355.477
2022-06-22,354.833
2022-06-23,358.311
2022-06-24,369.703
2022-06-27,368.291
2022-06-28,360.766
2022-06-29,360.472
2022-06-30,357.543
2022-07-01,361.325
2022-07-05,362.007
2022-07-06,363.23
2022-07-07,368.67
2022-07-08,368.367
2022-07-11,364.159
2022-07-12,360.936
2022-07-13,359.041
2022-07-14,358.169
2022-07-15,365.012
2022-07-18,361.998
2022-07-19,371.779
2022-07-20,374.148
2022-07-21,377.958
2022-07-22,374.452
2022-07-25,374.907
2022-07-26,370.471
2022-07-27,380.091
2022-07-28,384.858
2022-07-29,390.469
2022-08-01,389.313
2022-08-02,386.744
2022-08-03,392.8
2022-08-04,392.535
2022-08-05,391.871
2022-08-08,391.417
2022-08-09,389.862
2022-08-10,398.051
2022-08-11,398.051
2022-08-12,404.789
2022-08-15,406.458
2022-08-16,407.254
2022-08-17,404.363
2022-08-18,405.538
2022-08-19,400.089
2022-08-22,391.758
2022-08-23,390.81
2022-08-24,392.061
2022-08-25,397.596
2022-08-26,384.138
2022-08-29,381.598
2022-08-30,377.409
2022-08-31,374.537
2022-09-01,375.712
2022-09-02,371.75
2022-09-06,370.348
2022-09-07,377.001
2022-09-08,379.465
2022-09-09,385.36
2022-09-12,389.502
2022-09-13,372.566
2022-09-14,373.987
2022-09-15,369.741
2022-09-16,366.932
2022-09-19,369.778
2022-09-20,365.533
2022-09-21,359.157
2022-09-22,356.14
2022-09-23,350.173
2022-09-26,346.709
2022-09-27,345.824
2022-09-28,352.629
2022-09-29,345.263
2022-09-30,339.924
2022-10-03,348.898
2022-10-04,359.709
2022-10-05,358.872
2022-10-06,355.17
2022-10-07,345.263
2022-10-10,342.626
2022-10-11,340.456
2022-10-12,339.333
2022-10-13,348.289
2022-10-14,340.352
2022-10-17,349.098
2022-10-18,353.2
2022-10-19,350.697
2022-10-20,347.756
2022-10-21,356.207
2022-10-24,360.566
2022-10-25,366.323
2022-10-26,363.563
2022-10-27,361.622
2022-10-28,370.225
2022-10-31,367.551
2022-11-01,365.943
2022-11-02,356.759
2022-11-03,353.085
2022-11-04,358.167
2022-11-07,361.593
2022-11-08,363.544
2022-11-09,356.055
2022-11-10,375.621
2022-11-11,379.257
2022-11-14,376.031
2022-11-15,379.238
2022-11-16,376.345
2022-11-17,375.193
2022-11-18,376.897
2022-11-21,375.526
2022-11-22,380.58
2022-11-23,382.978
2022-11-25,382.892
2022-11-28,376.782
2022-11-29,376.135
2022-11-30,387.984
2022-12-01,387.698
2022-12-02,387.251
2022-12-05,380.285
2022-12-06,374.803
2022-12-07,374.165
2022-12-08,377.096
2022-12-09,374.279
2022-12-12,379.676
2022-12-13,382.55
2022-12-14,380.104
2022-12-15,370.806
2022-12-16,366.448
2022-12-19,363.341
2022-12-20,363.838
2022-12-21,369.278
2022-12-22,364.01
2022-12-23,366.104
2022-12-27,364.66
2022-12-28,360.128
2022-12-29,366.611
2022-12-30,365.645
2023-01-03,364.106
2023-01-04,366.917
2023-01-05,362.729
2023-01-06,371.047
2023-01-09,370.837
2023-01-10,373.438
2023-01-11,378.161
2023-01-12,379.538
2023-01-13,381.01
2023-01-17,380.312
2023-01-18,374.308
2023-01-19,371.583
2023-01-20,378.505
2023-01-23,383.046
2023-01-24,382.635
2023-01-25,382.779
2023-01-26,386.986
2023-01-27,387.875
2023-01-30,383.008
2023-01-31,388.64
2023-02-01,392.77
2023-02-02,398.488
2023-02-03,394.252
2023-02-06,391.843
2023-02-07,396.967
2023-02-08,392.627
2023-02-09,389.223
2023-02-10,390.131
2023-02-13,394.711
2023-02-14,394.529
2023-02-15,395.811
2023-02-16,390.361
2023-02-17,389.385
2023-02-21,381.574
2023-02-22,381.048
2023-02-23,383.075
2023-02-24,378.983
2023-02-27,380.274
2023-02-28,378.868
2023-03-01,377.415
2023-03-02,380.35
2023-03-03,386.45
2023-03-06,386.718
2023-03-07,380.79
2023-03-08,381.412
2023-03-09,374.375
2023-03-10,368.973
2023-03-13,368.447
2023-03-14,374.537
2023-03-15,372.195
2023-03-16,378.725
2023-03-17,374.314
2023-03-20,377.913
2023-03-21,382.875
2023-03-22,376.348
2023-03-23,377.366
2023-03-24,379.842
2023-03-27,380.552
2023-03-28,379.698
2023-03-29,385.217
2023-03-30,387.472
2023-03-31,392.934
2023-04-03,394.431
2023-04-04,392.243
2023-04-05,391.216
2023-04-06,392.742
2023-04-10,393.145
2023-04-11,393.25
2023-04-12,391.648
2023-04-13,396.85
2023-04-14,395.88
2023-04-17,397.301
2023-04-18,397.56
2023-04-19,397.493
2023-04-20,395.324
2023-04-21,395.631
2023-04-24,396.043
2023-04-25,389.757
2023-04-26,388.106
2023-04-27,395.832
2023-04-28,399.211
2023-05-01,398.808
2023-05-02,394.325
2023-05-03,391.619
2023-05-04,388.845
2023-05-05,396.043
2023-05-08,396.149
2023-05-09,394.412
2023-05-10,396.255
2023-05-11,395.564
2023-05-12,395.045
2023-05-15,396.408
2023-05-16,393.759
2023-05-17,398.539
2023-05-18,402.378
2023-05-19,401.793
2023-05-22,401.956
2023-05-23,397.445
2023-05-24,394.565
2023-05-25,397.982
2023-05-26,403.136
2023-05-30,403.29
2023-05-31,401.054
2023-06-01,404.864
2023-06-02,410.719
2023-06-05,409.932
2023-06-06,410.824
2023-06-07,409.404
2023-06-08,411.88
2023-06-09,412.619
2023-06-12,416.363
2023-06-13,419.108
2023-06-14,419.607
2023-06-15,424.809
2023-06-16,423.368
2023-06-20,421.171
2023-06-21,419.013
2023-06-22,420.526
2023-06-23,417.346
2023-06-26,415.641
2023-06-27,420.198
2023-06-28,420.41
2023-06-29,422.067
2023-06-30,427.048
2023-07-03,427.539
2023-07-05,426.903
2023-07-06,423.56
2023-07-07,422.491
2023-07-10,423.56
2023-07-11,426.258
2023-07-12,429.687
2023-07-13,433.098
2023-07-14,432.828
2023-07-17,434.331
2023-07-18,437.558
2023-07-19,438.531
2023-07-20,435.622
2023-07-21,435.622
2023-07-24,437.568
2023-07-25,438.762
2023-07-26,438.83
2023-07-27,435.92
2023-07-28,440.188
2023-07-31,441.026
2023-08-01,439.764
2023-08-02,433.647
2023-08-03,432.404
2023-08-04,430.448
2023-08-07,434.206
2023-08-08,432.317
2023-08-09,429.427
2023-08-10,429.581
2023-08-11,429.331
2023-08-14,431.701
2023-08-15,426.672
2023-08-16,423.541
2023-08-17,420.314
2023-08-18,420.516
2023-08-21,423.252
2023-08-22,422.105
2023-08-23,426.807
2023-08-24,420.892
2023-08-25,423.859
2023-08-28,426.547
2023-08-29,432.712
2023-08-30,434.495
2023-08-31,433.859
2023-09-01,434.668
2023-09-05,432.789
2023-09-06,429.88
2023-09-07,428.56
2023-09-08,429.206
2023-09-11,432.028
2023-09-12,429.658
2023-09-13,430.159
2023-09-14,433.868
2023-09-15,428.66
2023-09-18,428.911
2023-09-19,428.021
2023-09-20,424.086
2023-09-21,417.077
2023-09-22,416.139
2023-09-25,417.889
2023-09-26,411.75
2023-09-27,411.914
2023-09-28,414.302
2023-09-29,413.297
2023-10-02,413.132
2023-10-03,407.602
2023-10-04,410.57
2023-10-05,410.416
2023-10-06,415.288
2023-10-09,417.947
2023-10-10,420.122
2023-10-11,421.843
2023-10-12,419.272
2023-10-13,417.183
2023-10-16,421.573
2023-10-17,421.553
2023-10-18,415.936
2023-10-19,412.282
2023-10-20,407.215
2023-10-23,406.51
2023-10-24,409.574
2023-10-25,403.696
2023-10-26,398.862
2023-10-27,397.054
2023-10-30,401.801
2023-10-31,404.325
2023-11-01,408.637
2023-11-02,416.468
2023-11-03,420.268
2023-11-06,421.234
2023-11-07,422.433
2023-11-08,422.743
2023-11-09,419.446
2023-11-10,425.991
2023-11-13,425.585
2023-11-14,433.842
2023-11-15,434.76
2023-11-16,435.292
2023-11-17,435.833
2023-11-20,439.188
2023-11-21,438.231
2023-11-22,439.923
2023-11-24,440.194
2023-11-27,439.401
2023-11-28,439.836
2023-11-29,439.527
2023-11-30,441.257
2023-12-01,443.868
2023-12-04,441.538
2023-12-05,441.451
2023-12-06,439.672
2023-12-07,443.026
2023-12-08,444.931
2023-12-11,446.662
2023-12-12,448.702
2023-12-13,454.889
2023-12-14,456.349
2023-12-15,455.601
2023-12-18,458.164
2023-12-19,460.95
2023-12-20,454.562
2023-12-21,458.872
2023-12-22,459.795
2023-12-26,461.736
2023-12-27,462.571
2023-12-28,462.746
2023-12-29,461.406
2024-01-02,458.824
2024-01-03,455.077
2024-01-04,453.611
2024-01-05,454.232
2024-01-08,460.717
2024-01-09,460.018
2024-01-10,462.62
2024-01-11,462.416
2024-01-12,462.736
2024-01-16,461.037
2024-01-17,458.474
2024-01-18,462.552
2024-01-19,468.318
2024-01-22,469.308
2024-01-23,470.677
2024-01-24,471.191
2024-01-25,473.754
2024-01-26,473.152
2024-01-29,476.899
2024-01-30,476.53
2024-01-31,468.755
2024-02-01,474.89
2024-02-02,479.889
2024-02-05,478.142
2024-02-06,479.53
2024-02-07,483.529
2024-02-08,483.743
2024-02-09,486.539
2024-02-12,486.325
2024-02-13,479.627
2024-02-14,483.986
2024-02-15,487.325
2024-02-16,484.898
2024-02-20,482.229
2024-02-21,482.665
2024-02-22,492.654
2024-02-23,492.994
2024-02-26,491.189
2024-02-27,492.101
2024-02-28,491.451
2024-02-29,493.218
2024-03-01,497.848
2024-03-04,497.314
2024-03-05,492.344
2024-03-06,494.839
2024-03-07,499.751
2024-03-08,496.751
2024-03-11,496.324
2024-03-12,501.663
2024-03-13,500.877
2024-03-14,499.887
2024-03-15,496.465
2024-03-18,499.415
2024-03-19,502.19
2024-03-20,506.835
2024-03-21,508.51
2024-03-22,507.546
2024-03-25,506.144
2024-03-26,505.209
2024-03-27,509.455
2024-03-28,509.358
2024-04-01,508.471
2024-04-02,505.238
2024-04-03,505.793
2024-04-04,499.62
2024-04-05,504.839
2024-04-08,505.122
2024-04-09,505.706
2024-04-10,500.642
2024-04-11,504.42
2024-04-12,497.458
2024-04-15,491.226
2024-04-16,490.33
2024-04-17,487.428
2024-04-18,486.425
2024-04-19,482.179
2024-04-22,486.62
2024-04-23,492.394
2024-04-24,492.16
2024-04-25,490.291
2024-04-26,494.936
2024-04-29,496.689
2024-04-30,488.82
2024-05-01,487.233
2024-05-02,491.79
2024-05-03,497.886
2024-05-06,503.028
2024-05-07,503.583
2024-05-08,503.632
2024-05-09,506.534
2024-05-10,507.186
2024-05-13,507.254
2024-05-14,509.581
2024-05-15,515.892
2024-05-16,514.83
2024-05-17,515.57
2024-05-20,516.164
2024-05-21,517.43
2024-05-22,515.94
2024-05-23,512.172
2024-05-24,515.561
2024-05-28,515.921
2024-05-29,512.308
2024-05-30,508.91
2024-05-31,513.545
2024-06-03,513.964
2024-06-04,514.538
2024-06-05,520.653
2024-06-06,520.644
2024-06-07,520.011
2024-06-10,521.617
2024-06-11,522.874
2024-06-12,527.168
2024-06-13,528.229
2024-06-14,528.551
2024-06-17,532.758
2024-06-18,534.111
2024-06-20,532.66
2024-06-21,531.948
2024-06-24,530.219
2024-06-25,532.261
2024-06-26,532.925
2024-06-27,533.765
2024-06-28,531.665
2024-07-01,532.759
2024-07-02,536.345
2024-07-03,538.738
2024-07-05,541.845
2024-07-08,542.47
2024-07-09,542.997
2024-07-10,548.371
2024-07-11,543.642
2024-07-12,547.071
2024-07-15,548.576
2024-07-16,551.829
2024-07-17,544.092
2024-07-18,539.91
2024-07-19,536.325
2024-07-22,541.854
2024-07-23,541.004
2024-07-24,528.744
2024-07-25,525.989
2024-07-26,531.88
2024-07-29,532.193
2024-07-30,529.496
2024-07-31,538.103
2024-08-01,530.483
2024-08-02,520.606
2024-08-05,505.444
2024-08-06,510.104
2024-08-07,506.695
2024-08-08,518.408
2024-08-09,520.694
2024-08-12,520.968
2024-08-13,529.535
2024-08-14,531.206
2024-08-15,540.311
2024-08-16,541.522
2024-08-19,546.7
2024-08-20,545.811
2024-08-21,547.687
2024-08-22,543.388
2024-08-23,549.162
2024-08-26,547.853
2024-08-27,548.605
2024-08-28,545.42
2024-08-29,545.469
2024-08-30,550.676
2024-09-03,539.344
2024-09-04,538.24
2024-09-05,536.931
2024-09-06,527.894
2024-09-09,533.805
2024-09-10,536.13
2024-09-11,541.63
2024-09-12,546.192
2024-09-13,549.045
2024-09-16,549.855
2024-09-17,550.08
2024-09-18,548.449
2024-09-19,557.808
2024-09-20,556.846
2024-09-23,558.237
2024-09-24,559.835
2024-09-25,558.6
2024-09-26,560.815
2024-09-27,560.001
2024-09-30,562.245
2024-10-01,557.209
2024-10-02,557.444
2024-10-03,556.425
2024-10-04,561.481
2024-10-07,556.405
2024-10-08,561.667
2024-10-09,565.558
2024-10-10,564.568
2024-10-11,567.949
2024-10-14,572.593
2024-10-15,568.145
2024-10-16,570.614
2024-10-17,570.663
2024-10-18,572.858
2024-10-21,571.917
2024-10-22,571.614
2024-10-23,566.39
2024-10-24,567.615
2024-10-25,567.419
2024-10-28,569.173
2024-10-29,570.095
2024-10-30,568.37
2024-10-31,557.228
2024-11-01,559.58
2024-11-04,558.375
2024-11-05,565.126
2024-11-06,579.179
2024-11-07,583.657
2024-11-08,586.185
2024-11-11,586.744
2024-11-12,584.921
2024-11-13,585.205
2024-11-14,581.442
2024-11-15,573.995
2024-11-18,576.347
2024-11-19,578.453
2024-11-20,578.649
2024-11-21,581.756
2024-11-22,583.559
2024-11-25,585.538
2024-11-26,588.596
2024-11-27,586.812
2024-11-29,590.458
2024-12-02,591.516
2024-12-03,591.79
2024-12-04,595.465
2024-12-05,594.485
2024-12-06,595.612
2024-12-09,592.545
2024-12-10,590.703
2024-12-11,595.269
2024-12-12,592.202
2024-12-13,592.084
2024-12-16,594.612
2024-12-17,592.163
2024-12-18,574.514
2024-12-19,574.338
2024-12-20,581.212
2024-12-23,584.693
2024-12-24,591.192
2024-12-26,591.231
2024-12-27,585.008
2024-12-30,578.332
2024-12-31,576.228
2025-01-02,574.812
2025-01-03,581.999
2025-01-06,585.352
2025-01-07,578.735
2025-01-08,579.58
2025-01-10,570.732
2025-01-13,571.617
2025-01-14,572.403
2025-01-15,582.815
2025-01-16,581.694
2025-01-17,587.534
2025-01-21,592.912
2025-01-22,596.245
2025-01-23,599.5
2025-01-24,597.75
2025-01-27,589.294
2025-01-28,594.358
2025-01-29,591.693
2025-01-30,594.869
2025-01-31,591.703
2025-02-03,587.721
2025-02-04,591.664
2025-02-05,594.063
2025-02-06,596.127
2025-02-07,590.671
2025-02-10,594.682
2025-02-11,595.134
2025-02-12,593.217
2025-02-13,599.48
2025-02-14,599.451
2025-02-18,601.211
2025-02-19,602.626
2025-02-20,600.119
2025-02-21,589.855
2025-02-24,587.171
2025-02-25,584.251
2025-02-26,584.545
2025-02-27,575.215
2025-02-28,584.192
2025-03-03,573.957
2025-03-04,567.163
2025-03-05,573.258
2025-03-06,563.082
2025-03-07,566.238
2025-03-10,551.156
2025-03-11,546.575
2025-03-12,549.475
2025-03-13,542.15
2025-03-14,553.349
2025-03-17,557.616
2025-03-18,551.589
2025-03-19,557.596
2025-03-20,555.984
2025-03-21,556.166
2025-03-24,566.126
2025-03-25,567.487
2025-03-26,560.712
2025-03-27,559.223
2025-03-28,547.962
2025-03-31,551.64
2025-04-01,553.198
2025-04-02,556.699
2025-04-03,529.264
2025-04-04,498.28
2025-04-07,497.392
2025-04-08,489.601
2025-04-09,541.019
2025-04-10,517.312
2025-04-11,526.542
2025-04-14,531.651
2025-04-15,530.162
2025-04-16,518.377
2025-04-17,519.117
2025-04-21,506.76
2025-04-22,519.945
2025-04-23,528.002
2025-04-24,539.116
2025-04-25,543.011
2025-04-28,543.218
2025-04-29,546.64
2025-04-30,546.857
2025-05-01,550.733
2025-05-02,558.908
2025-05-05,555.703
2025-05-06,551.058
2025-05-07,553.375
2025-05-08,557.231
2025-05-09,556.521
2025-05-12,574.913
2025-05-13,578.71
2025-05-14,579.449
2025-05-15,582.279
2025-05-16,585.968
2025-05-19,586.609
2025-05-20,584.636
2025-05-21,574.785
2025-05-22,575.011
2025-05-23,571.087
2025-05-27,582.96
2025-05-28,579.587
2025-05-29,581.875
2025-05-30,581.224
2025-06-02,584.498
2025-06-03,587.831
2025-06-04,587.674
2025-06-05,584.833
2025-06-06,590.839
2025-06-09,591.372
2025-06-10,594.725
2025-06-11,593.028
2025-06-12,595.385
2025-06-13,588.729
2025-06-16,594.33
2025-06-17,589.251
2025-06-18,589.163
2025-06-20,587.783
2025-06-23,593.589
2025-06-24,600.147
2025-06-25,600.483
2025-06-26,605.181
2025-06-27,608.188
2025-06-30,611.095
2025-07-01,610.898
2025-07-02,613.667
2025-07-03,618.504
2025-07-07,613.895
2025-07-08,613.558
2025-07-09,617.238
2025-07-10,618.978
2025-07-11,616.802
2025-07-14,617.979
2025-07-15,615.339
2025-07-16,617.396
2025-07-17,621.174
2025-07-18,620.719
2025-07-21,621.896
2025-07-22,621.985
2025-07-23,627.277
2025-07-24,627.484
2025-07-25,630.135
2025-07-28,629.977
2025-07-29,628.315
2025-07-30,627.524
2025-07-31,625.17
2025-08-01,614.923
2025-08-04,624.27
2025-08-05,621.105
2025-08-06,625.862
2025-08-07,625.338
2025-08-08,630.214
2025-08-11,628.968
2025-08-12,635.664
2025-08-13,637.84
2025-08-14,637.899
2025-08-15,636.406
2025-08-18,636.267
2025-08-19,632.815
2025-08-20,631.134
2025-08-21,628.602
2025-08-22,638.255
2025-08-25,635.446
2025-08-26,638.107
2025-08-27,639.561
2025-08-28,641.826
2025-08-29,637.998
2025-09-02,633.27
2025-09-03,636.702
2025-09-04,642.024
2025-09-05,640.164
2025-09-08,641.737
2025-09-09,643.22
2025-09-10,645.08
2025-09-11,650.441
2025-09-12,650.223
2025-09-15,653.685
2025-09-16,652.785
2025-09-17,651.974
2025-09-18,655.02
2025-09-19,658.255
2025-09-22,661.37
2025-09-23,657.769
2025-09-24,655.677
2025-09-25,652.652
2025-09-26,656.391
2025-09-29,658.235
2025-09-30,660.715
2025-10-01,662.966
2025-10-02,663.73
2025-10-03,663.72
2025-10-06,666.1
2025-10-07,663.631
2025-10-08,667.588
2025-10-09,665.654
2025-10-10,647.663
2025-10-13,657.601
2025-10-14,656.797
2025-10-15,659.713
2025-10-16,655.22
2025-10-17,658.94
2025-10-20,665.793
2025-10-21,665.783
2025-10-22,662.322
2025-10-23,666.249
2025-10-24,671.694
2025-10-27,679.619
2025-10-28,681.424
2025-10-29,681.751
2025-10-30,674.253
2025-10-31,676.465
2025-11-03,677.734
2025-11-04,669.701
2025-11-05,672.021
2025-11-06,664.811
2025-11-07,665.466
2025-11-10,675.85
2025-11-11,677.397
2025-11-12,677.774
2025-11-13,666.527
2025-11-14,666.418
2025-11-17,660.209
2025-11-18,654.665
2025-11-19,657.194
2025-11-20,647.177
2025-11-21,653.624
2025-11-24,663.244
2025-11-25,669.482
2025-11-26,674.104
2025-11-28,677.784
2025-12-01,674.689
2025-12-02,675.939
2025-12-03,678.28
2025-12-04,678.776
2025-12-05,680.065
2025-12-08,678.022
2025-12-09,677.437
2025-12-10,681.93
2025-12-11,683.516
2025-12-12,676.167
2025-12-15,675.146
2025-12-16,673.301
2025-12-17,665.892
2025-12-18,670.921
2025-12-19,676.984
2025-12-22,681.201
2025-12-23,684.315
2025-12-24,686.722
2025-12-26,686.652
2025-12-29,684.205
2025-12-30,683.37
2025-12-31,678.307
2026-01-02,679.55
2026-01-05,684.076
2026-01-06,688.144
2026-01-07,685.926
2026-01-08,685.857
2026-01-09,690.392
2026-01-12,691.477
2026-01-13,690.094
2026-01-14,686.702
2026-01-15,688.572
2026-01-16,687.995
2026-01-20,673.99
2026-01-21,681.768
2026-01-22,685.329
2026-01-23,685.578
2026-01-26,689.059
2026-01-27,691.805
2026-01-28,691.735
2026-01-29,690.363
2026-01-30,688.303
2026-02-02,691.725
2026-02-03,685.876
2026-02-04,682.554
2026-02-05,674.03
2026-02-06,686.961
2026-02-09,690.273
2026-02-10,688.453
2026-02-11,688.294
2026-02-12,677.66
2026-02-13,678.138
2026-02-17,679.232
2026-02-18,682.654
2026-02-19,680.853
2026-02-20,685.777
2026-02-23,678.774
2026-02-24,683.708
2026-02-25,689.477
2026-02-26,685.648
2026-02-27,682.355
2026-03-02,682.743
2026-03-03,676.725
2026-03-04,681.5
2026-03-05,677.7
2026-03-06,668.817
2026-03-09,674.676
2026-03-10,673.592
2026-03-11,672.746
2026-03-12,662.531
2026-03-13,658.781
2026-03-16,665.485
2026-03-17,667.236
2026-03-18,657.925
2026-03-19,656.304
2026-03-20,646.921
2026-03-23,653.714
2026-03-24,651.519
2026-03-25,655.15
2026-03-26,643.45
2026-03-27,632.478
2026-03-30,630.363
2026-03-31,648.686
2026-04-01,653.574
2026-04-02,654.162
2026-04-06,657.255
2026-04-07,657.544
2026-04-08,674.291
2026-04-09,678.181
2026-04-10,677.732
2026-04-13,684.356
2026-04-14,692.694
2026-04-15,698.16
2026-04-16,699.876
2026-04-17,708.334
2026-04-20,706.918
2026-04-21,702.29
2026-04-22,709.402
2026-04-23,706.649
2026-04-24,712.125
2026-04-27,713.352
2026-04-28,709.88
2026-04-29,709.771
2026-04-30,716.833
2026-05-01,718.818
2026-05-04,716.184
2026-05-05,721.93
2026-05-06,731.964
2026-05-07,729.72
2026-05-08,735.745
2026-05-11,737.42
2026-05-12,736.303
2026-05-13,740.423
2026-05-14,746.268
2026-05-15,737.291
2026-05-18,736.772
2026-05-19,731.864
2026-05-20,739.365
2026-05-21,740.832
2026-05-22,743.744
2026-05-26,748.682
2026-05-27,748.552
2026-05-28,752.681
2026-05-29,754.557
2026-06-01,756.611
2026-06-02,757.639
2026-06-03,752.322
2026-06-04,755.165
2026-06-05,735.675
2026-06-08,737.34
2026-06-09,735.176
2026-06-10,723.586
2026-06-11,735.884
2026-06-12,739.864
2026-06-15,752.911
2026-06-16,748.422
2026-06-17,739.076
2026-06-18,746.74
2026-06-22,744.39
2026-06-23,733.58
2026-06-24,733.24
2026-06-25,734.3
2026-06-26,728.99
2026-06-29,741.0
2026-06-30,746.77
2026-07-01,745.76
2026-07-02,744.78
2026-07-06,751.28
2026-07-07,747.71
2026-07-08,745.4
2026-07-09,751.71
2026-07-10,754.95
2026-07-13,749.17
2026-07-14,751.83
2026-07-15,754.81
2026-07-16,750.72
2026-07-17,743.29
2026-07-20,742.09
2026-07-21,748.28
2026-07-22,747.41
2026-07-23,738.18
2026-07-24,738.93
2026-07-27,739.09
2026-07-28,740.86
2026-07-29,729.46
2026-07-30,741.69
2026-07-31,747.03
2026-08-03,757.67
2026-08-04,771.33
2026-08-05,769.79
2026-08-06,768.56
2026-08-07,773.26
2026-08-10,773.03
2026-08-11,770.56
2026-08-12,772.49
2026-08-13,777.88
2026-08-14,776.34
2026-08-17,772.67
2026-08-18,767.45
2026-08-19,769.06
2026-08-20,762.6
2026-08-21,765.72
2026-08-24,763.47
2026-08-25,765.91
2026-08-26,766.08
2026-08-27,771.1
2026-08-28,769.35
2026-08-31,767.05
2026-09-01,761.78
2026-09-02,765.16
2026-09-03,773.17
2026-09-04,770.19
2026-09-08,765.96
2026-09-09,762.4
